{"num_vertices": 20, "poses": [[0.4454931490124041, 0.5756992293448358], [0.4124720764985895, 0.16051170319976638], [0.3347593629330756, 0.9312601688576873], [0.3389932479901616, 0.5516816386153911], [0.6867805526952997, 0.8243706995722977], [0.4143848035185478, 0.2632095794089988], [0.7294380199484373, 0.7366854250673093], [0.32690493749986027, 0.509765298288021], [0.061431622481291415, 0.6190982987523845], [0.03294577646708963, 0.23478904224278874], [0.4214217609830807, 0.792638953047786], [0.5898284005081431, 0.809752878366828], [0.3536795632016686, 0.6061030312355717], [0.5652350868253991, 0.7649460571879424], [0.7518836324607775, 0.8202609331911276], [0.5904442259446849, 0.5430832402331304], [0.5774817003286687, 0.9143734556377633], [0.19078328193120764, 0.21507251056514665], [0.13162753213668088, 0.975713843094197], [0.540739321747128, 0.6429542311730666]], "dists": [[0.0, 0.44820859865888396, 0.46629472559218, 0.13051749175168714, 0.48995887391035753, 0.34359799542969327, 0.4449310666585067, 0.18452214256935862, 0.4274605959386615, 0.7534575596473615, 0.24101111173227363, 0.3783889005177312, 0.1222173877014715, 0.30898876565610167, 0.5509521872946652, 0.1775670660439862, 0.4706627776091922, 0.6153365858608856, 0.7138802306250844, 0.16250117456295476], [0.44820859865888396, 0.0, 0.8484611792234348, 0.46464876392405263, 0.9381674725692415, 0.10461060322919069, 0.8931396653173906, 0.43482073408698385, 0.8096270495699163, 0.45380363907452226, 0.6410769343325108, 0.8265974991766152, 0.5043838413327263, 0.7571973643149856, 0.9991607859535492, 0.5605436864794594, 0.9188713762680761, 0.27624960193276216, 1.0960466842563392, 0.6107097732218387], [0.46629472559218, 0.8484611792234348, 0.0, 0.38381241529938215, 0.45891065904761363, 0.7476760300341606, 0.5892534008057396, 0.42934929600288163, 0.5854896105570869, 0.9982847130808845, 0.22528361385990636, 0.3765763280659268, 0.3440773378907085, 0.39678983556206837, 0.5281235051942615, 0.6438617916361662, 0.2596090506155171, 0.8601637392944086, 0.24758550503290444, 0.49428589649867305], [0.13051749175168714, 0.46464876392405263, 0.38381241529938215, 0.0, 0.6204763656620447, 0.36386361473477846, 0.5754485584101938, 0.05400465081767147, 0.34497828564586364, 0.6229400678956744, 0.32338582742531397, 0.5089063922694184, 0.06910770783168763, 0.4395062574077888, 0.6814696790463524, 0.26004937633678404, 0.6011802693608793, 0.48481909410919843, 0.6313979203322866, 0.2930186663146419], [0.48995887391035753, 0.9381674725692415, 0.45891065904761363, 0.6204763656620447, 0.0, 0.8335568693400508, 0.130342741758126, 0.6744810164797161, 0.8306213310339214, 1.243416433557719, 0.2970905382367307, 0.11156997339262631, 0.551368657830357, 0.18097010825425586, 0.06921284614664791, 0.3776237860897821, 0.19930160843209654, 1.1052954597712432, 0.7064961640805181, 0.32745769934740276], [0.34359799542969327, 0.10461060322919069, 0.7476760300341606, 0.36386361473477846, 0.8335568693400508, 0.0, 0.7885290620882, 0.3340355848977097, 0.7088419003806421, 0.4098595642176682, 0.5364663311033201, 0.7219868959474245, 0.4035986921434521, 0.6525867610857949, 0.8945501827243585, 0.4559330832502687, 0.8142607730388854, 0.2717385904311923, 0.995261535067065, 0.506099169992648], [0.4449310666585067, 0.8931396653173906, 0.5892534008057396, 0.5754485584101938, 0.130342741758126, 0.7885290620882, 0.0, 0.6294532092278653, 0.7855935237820706, 1.198388626305868, 0.36396978694583326, 0.21267707273981284, 0.5063408505785062, 0.19246356524367125, 0.10602112063615854, 0.33259597883793124, 0.32964435019022253, 1.0602676525193924, 0.8368389058386441, 0.2824298920955519], [0.18452214256935862, 0.43482073408698385, 0.42934929600288163, 0.05400465081767147, 0.6744810164797161, 0.3340355848977097, 0.6294532092278653, 0.0, 0.3748063154829324, 0.5689354170780029, 0.37739047824298544, 0.5629110430870898, 0.1231123586493591, 0.4935109082254603, 0.7354743298640238, 0.29685723038993406, 0.6551849201785508, 0.43081444329152696, 0.6612259501693554, 0.3470233171323134], [0.4274605959386615, 0.8096270495699163, 0.5854896105570869, 0.34497828564586364, 0.8306213310339214, 0.7088419003806421, 0.7855935237820706, 0.3748063154829324, 0.0, 0.4127951025237976, 0.5335307927971907, 0.7190513576412951, 0.30524320823719, 0.6496512227796656, 0.8916146444182291, 0.6050276619826477, 0.8113252347327561, 0.5333774476371541, 0.4268114539972019, 0.5031636316865187], [0.7534575596473615, 0.45380363907452226, 0.9982847130808845, 0.6229400678956744, 1.243416433557719, 0.4098595642176682, 1.198388626305868, 0.5689354170780029, 0.4127951025237976, 0.0, 0.9463258953209883, 1.1318464601650926, 0.692047775727362, 1.0624463253034633, 1.3044097469420266, 0.8657926474679369, 1.2241203372565537, 0.1775540371417601, 0.8396065565209995, 0.9159587342103163], [0.24101111173227363, 0.6410769343325108, 0.22528361385990636, 0.32338582742531397, 0.2970905382367307, 0.5364663311033201, 0.36396978694583326, 0.37739047824298544, 0.5335307927971907, 0.9463258953209883, 0.0, 0.1855205648441044, 0.25427811959362634, 0.171506221702162, 0.3580838516210384, 0.41857817777625983, 0.27779444193556535, 0.8082049215345124, 0.4728691188928108, 0.2690022826387667], [0.3783889005177312, 0.8265974991766152, 0.3765763280659268, 0.5089063922694184, 0.11156997339262631, 0.7219868959474245, 0.21267707273981284, 0.5629110430870898, 0.7190513576412951, 1.1318464601650926, 0.1855205648441044, 0.0, 0.43979868443773074, 0.06940013486162955, 0.172563286776934, 0.2672854635702394, 0.11696727745040969, 0.9937254863786168, 0.6241618330988312, 0.21588772595477645], [0.1222173877014715, 0.5043838413327263, 0.3440773378907085, 0.06910770783168763, 0.551368657830357, 0.4035986921434521, 0.5063408505785062, 0.1231123586493591, 0.30524320823719, 0.692047775727362, 0.25427811959362634, 0.43979868443773074, 0.0, 0.3703985495761012, 0.6123619712146647, 0.2997844537454577, 0.5320725615291917, 0.5539268019408861, 0.5916628429236129, 0.22391095848295428], [0.30898876565610167, 0.7571973643149856, 0.39678983556206837, 0.4395062574077888, 0.18097010825425586, 0.6525867610857949, 0.19246356524367125, 0.4935109082254603, 0.6496512227796656, 1.0624463253034633, 0.171506221702162, 0.06940013486162955, 0.3703985495761012, 0.0, 0.24196342163856355, 0.24707195607409782, 0.1616740119530905, 0.9243253515169872, 0.6443753405949728, 0.1464875910931469], [0.5509521872946652, 0.9991607859535492, 0.5281235051942615, 0.6814696790463524, 0.06921284614664791, 0.8945501827243585, 0.10602112063615854, 0.7354743298640238, 0.8916146444182291, 1.3044097469420266, 0.3580838516210384, 0.172563286776934, 0.6123619712146647, 0.24196342163856355, 0.0, 0.4386170994740898, 0.26851445457874445, 1.166288773155551, 0.775709010227166, 0.38845101273171045], [0.1775670660439862, 0.5605436864794594, 0.6438617916361662, 0.26004937633678404, 0.3776237860897821, 0.4559330832502687, 0.33259597883793124, 0.29685723038993406, 0.6050276619826477, 0.8657926474679369, 0.41857817777625983, 0.2672854635702394, 0.2997844537454577, 0.24707195607409782, 0.4386170994740898, 0.0, 0.3842527410206491, 0.727671673681461, 0.8914472966690706, 0.14957589513749314], [0.4706627776091922, 0.9188713762680761, 0.2596090506155171, 0.6011802693608793, 0.19930160843209654, 0.8142607730388854, 0.32964435019022253, 0.6551849201785508, 0.8113252347327561, 1.2241203372565537, 0.27779444193556535, 0.11696727745040969, 0.5320725615291917, 0.1616740119530905, 0.26851445457874445, 0.3842527410206491, 0.0, 1.0859993634700777, 0.5071945556484215, 0.3081616030462374], [0.6153365858608856, 0.27624960193276216, 0.8601637392944086, 0.48481909410919843, 1.1052954597712432, 0.2717385904311923, 1.0602676525193924, 0.43081444329152696, 0.5333774476371541, 0.1775540371417601, 0.8082049215345124, 0.9937254863786168, 0.5539268019408861, 0.9243253515169872, 1.166288773155551, 0.727671673681461, 1.0859993634700777, 0.0, 0.8197970823235771, 0.7778377604238403], [0.7138802306250844, 1.0960466842563392, 0.24758550503290444, 0.6313979203322866, 